
{
  "header": {
    "reportVersion": 1,
    "event": "Allocation failed - JavaScript heap out of memory",
    "trigger": "FatalError",
    "filename": "report.20200119.225915.14132.0.001.json",
    "dumpEventTime": "2020-01-19T22:59:18Z",
    "dumpEventTimeStamp": "1579489158941",
    "processId": 14132,
    "cwd": "C:\\Users\\gusta\\proofApp",
    "commandLine": [
      "node",
      "C:\\Users\\gusta\\proofApp\\node_modules\\.bin\\\\..\\@angular\\cli\\bin\\ng",
      "run",
      "app:serve",
      "--host=localhost",
      "--port=8100"
    ],
    "nodejsVersion": "v12.13.1",
    "wordSize": 64,
    "arch": "x64",
    "platform": "win32",
    "componentVersions": {
      "node": "12.13.1",
      "v8": "7.7.299.13-node.16",
      "uv": "1.33.1",
      "zlib": "1.2.11",
      "brotli": "1.0.7",
      "ares": "1.15.0",
      "modules": "72",
      "nghttp2": "1.39.2",
      "napi": "5",
      "llhttp": "1.1.4",
      "http_parser": "2.8.0",
      "openssl": "1.1.1d",
      "cldr": "35.1",
      "icu": "64.2",
      "tz": "2019c",
      "unicode": "12.1"
    },
    "release": {
      "name": "node",
      "lts": "Erbium",
      "headersUrl": "https://nodejs.org/download/release/v12.13.1/node-v12.13.1-headers.tar.gz",
      "sourceUrl": "https://nodejs.org/download/release/v12.13.1/node-v12.13.1.tar.gz",
      "libUrl": "https://nodejs.org/download/release/v12.13.1/win-x64/node.lib"
    },
    "osName": "Windows_NT",
    "osRelease": "10.0.18362",
    "osVersion": "Windows 10 Home Single Language",
    "osMachine": "x86_64",
    "cpus": [
      {
        "model": "Intel(R) Core(TM) i3-5005U CPU @ 2.00GHz",
        "speed": 1995,
        "user": 61198796,
        "nice": 0,
        "sys": 40043031,
        "idle": 574186109,
        "irq": 5700656
      },
      {
        "model": "Intel(R) Core(TM) i3-5005U CPU @ 2.00GHz",
        "speed": 1995,
        "user": 64837671,
        "nice": 0,
        "sys": 28776312,
        "idle": 581813671,
        "irq": 948296
      },
      {
        "model": "Intel(R) Core(TM) i3-5005U CPU @ 2.00GHz",
        "speed": 1995,
        "user": 71990250,
        "nice": 0,
        "sys": 30195296,
        "idle": 573242109,
        "irq": 484203
      },
      {
        "model": "Intel(R) Core(TM) i3-5005U CPU @ 2.00GHz",
        "speed": 1995,
        "user": 70834984,
        "nice": 0,
        "sys": 28642953,
        "idle": 575949734,
        "irq": 370171
      }
    ],
    "networkInterfaces": [
      {
        "name": "Wi-Fi",
        "internal": false,
        "mac": "40:9f:38:72:23:92",
        "address": "fe80::7498:2f80:7ae0:1041",
        "netmask": "ffff:ffff:ffff:ffff::",
        "family": "IPv6",
        "scopeid": 14
      },
      {
        "name": "Wi-Fi",
        "internal": false,
        "mac": "40:9f:38:72:23:92",
        "address": "192.168.1.3",
        "netmask": "255.255.255.0",
        "family": "IPv4"
      },
      {
        "name": "Loopback Pseudo-Interface 1",
        "internal": true,
        "mac": "00:00:00:00:00:00",
        "address": "::1",
        "netmask": "ffff:ffff:ffff:ffff:ffff:ffff:ffff:ffff",
        "family": "IPv6",
        "scopeid": 0
      },
      {
        "name": "Loopback Pseudo-Interface 1",
        "internal": true,
        "mac": "00:00:00:00:00:00",
        "address": "127.0.0.1",
        "netmask": "255.0.0.0",
        "family": "IPv4"
      }
    ],
    "host": "GUSTAVO"
  },
  "javascriptStack": {
    "message": "No stack.",
    "stack": [
      "Unavailable."
    ]
  },
  "nativeStack": [
    {
      "pc": "0x00007ff6f4d31729",
      "symbol": "std::basic_ostream<char,std::char_traits<char> >::operator<<+10873"
    },
    {
      "pc": "0x00007ff6f4d35b4c",
      "symbol": "std::basic_ostream<char,std::char_traits<char> >::operator<<+28316"
    },
    {
      "pc": "0x00007ff6f4d34b08",
      "symbol": "std::basic_ostream<char,std::char_traits<char> >::operator<<+24152"
    },
    {
      "pc": "0x00007ff6f4e2369b",
      "symbol": "v8::base::CPU::has_sse+37723"
    },
    {
      "pc": "0x00007ff6f56282de",
      "symbol": "v8::Isolate::ReportExternalAllocationLimitReached+94"
    },
    {
      "pc": "0x00007ff6f5610321",
      "symbol": "v8::SharedArrayBuffer::Externalize+833"
    },
    {
      "pc": "0x00007ff6f54ddbec",
      "symbol": "v8::internal::Heap::EphemeronKeyWriteBarrierFromCode+1436"
    },
    {
      "pc": "0x00007ff6f54e5cf1",
      "symbol": "v8::internal::Heap::PageFlagsAreConsistent+3761"
    },
    {
      "pc": "0x00007ff6f54db353",
      "symbol": "v8::internal::Heap::CollectGarbage+1283"
    },
    {
      "pc": "0x00007ff6f54d9b24",
      "symbol": "v8::internal::Heap::AddRetainedMap+2356"
    },
    {
      "pc": "0x00007ff6f54fadf5",
      "symbol": "v8::internal::Factory::NewFillerObject+53"
    },
    {
      "pc": "0x00007ff6f5266e19",
      "symbol": "v8::internal::interpreter::JumpTableTargetOffsets::iterator::operator=+4057"
    },
    {
      "pc": "0x00007ff6f5a5404d",
      "symbol": "v8::internal::SetupIsolateDelegate::SetupHeap+567949"
    },
    {
      "pc": "0x0000013c26ddfa78",
      "symbol": ""
    }
  ],
  "javascriptHeap": {
    "totalMemory": 398446592,
    "totalCommittedMemory": 398446592,
    "usedMemory": 332861224,
    "availableMemory": 1864836248,
    "memoryLimit": 2197815296,
    "heapSpaces": {
      "read_only_space": {
        "memorySize": 262144,
        "committedMemory": 262144,
        "capacity": 261872,
        "used": 32296,
        "available": 229576
      },
      "new_space": {
        "memorySize": 1048576,
        "committedMemory": 1048576,
        "capacity": 1047488,
        "used": 1047336,
        "available": 152
      },
      "old_space": {
        "memorySize": 314945536,
        "committedMemory": 314945536,
        "capacity": 314442552,
        "used": 259593744,
        "available": 54848808
      },
      "code_space": {
        "memorySize": 8028160,
        "committedMemory": 8028160,
        "capacity": 7639200,
        "used": 4681120,
        "available": 2958080
      },
      "map_space": {
        "memorySize": 11276288,
        "committedMemory": 11276288,
        "capacity": 11257920,
        "used": 4874480,
        "available": 6383440
      },
      "large_object_space": {
        "memorySize": 62263296,
        "committedMemory": 62263296,
        "capacity": 62081848,
        "used": 62081848,
        "available": 0
      },
      "code_large_object_space": {
        "memorySize": 622592,
        "committedMemory": 622592,
        "capacity": 550400,
        "used": 550400,
        "available": 0
      },
      "new_large_object_space": {
        "memorySize": 0,
        "committedMemory": 0,
        "capacity": 1047488,
        "used": 0,
        "available": 1047488
      }
    }
  },
  "resourceUsage": {
    "userCpuSeconds": 921.281,
    "kernelCpuSeconds": 91.031,
    "cpuConsumptionPercent": 12.5862,
    "maxRss": 960917504,
    "pageFaults": {
      "IORequired": 1933413,
      "IONotRequired": 0
    },
    "fsActivity": {
      "reads": 33143,
      "writes": 3405
    }
  },
  "libuv": [
  ],
  "environmentVariables": {
    "=C:": "C:\\Users\\gusta\\proofApp",
    "allusersprofile": "C:\\ProgramData",
    "appdata": "C:\\Users\\gusta\\AppData\\Roaming",
    "asl.log": "Destination=file",
    "colorterm": "truecolor",
    "commonprogramfiles": "C:\\Program Files\\Common Files",
    "commonprogramfiles(x86)": "C:\\Program Files (x86)\\Common Files",
    "commonprogramw6432": "C:\\Program Files\\Common Files",
    "computername": "GUSTAVO",
    "comspec": "C:\\WINDOWS\\system32\\cmd.exe",
    "dp0": "C:\\Users\\gusta\\proofApp\\node_modules\\.bin\\",
    "driverdata": "C:\\Windows\\System32\\Drivers\\DriverData",
    "force_color": "1",
    "homedrive": "C:",
    "homepath": "\\Users\\gusta",
    "ionic_cli_bin": "C:\\Users\\gusta\\AppData\\Roaming\\npm\\node_modules\\ionic\\bin\\ionic",
    "ionic_cli_lib": "C:\\Users\\gusta\\AppData\\Roaming\\npm\\node_modules\\ionic",
    "ionic_cli_local_error": "LOCAL_CLI_NOT_FOUND",
    "lang": "en_US.UTF-8",
    "localappdata": "C:\\Users\\gusta\\AppData\\Local",
    "logonserver": "\\\\GUSTAVO",
    "number_of_processors": "4",
    "onedrive": "C:\\Users\\gusta\\OneDrive",
    "onedriveconsumer": "C:\\Users\\gusta\\OneDrive",
    "openssl_conf": "C:\\Program Files\\PostgreSQL\\psqlODBC\\etc\\openssl.cnf",
    "os": "Windows_NT",
    "path": "C:\\Users\\gusta\\proofApp\\node_modules\\.bin;C:\\Program Files (x86)\\Common Files\\Oracle\\Java\\javapath;C:\\Program Files (x86)\\Intel\\iCLS Client\\;C:\\Program Files\\Intel\\iCLS Client\\;C:\\WINDOWS\\system32;C:\\WINDOWS;C:\\WINDOWS\\System32\\Wbem;C:\\WINDOWS\\System32\\WindowsPowerShell\\v1.0\\;C:\\Program Files (x86)\\Intel\\Intel(R) Management Engine Components\\DAL;C:\\Program Files\\Intel\\Intel(R) Management Engine Components\\DAL;C:\\Program Files (x86)\\Intel\\Intel(R) Management Engine Components\\IPT;C:\\Program Files\\Intel\\Intel(R) Management Engine Components\\IPT;C:\\WINDOWS\\System32\\OpenSSH\\;C:\\Program Files\\nodejs\\;C:\\android-sdk\\tools\\bin;C:\\Program Files\\Java\\jdk1.8.0_181\\bin;C:\\Program Files\\Java\\jre1.8.0_241\\bin;C:\\Gradle\\gradle-6.1\\bin;C:\\android-sdk\\platform-tools;ANDROID_SDK_ROOT;ANDROID_HOME;C:\\Users\\gusta\\AppData\\Local\\Programs\\Python\\Python37-32\\Scripts\\;C:\\Users\\gusta\\AppData\\Local\\Programs\\Python\\Python37-32\\;C:\\Users\\gusta\\AppData\\Local\\Microsoft\\WindowsApps;;C:\\Program Files\\JetBrains\\PyCharm Community Edition 2018.3.5\\bin;;C:\\Users\\gusta\\AppData\\Local\\Programs\\Microsoft VS Code\\bin;C:\\Users\\gusta\\AppData\\Roaming\\npm",
    "pathext": ".COM;.EXE;.BAT;.CMD;.VBS;.VBE;.JSE;.WSF;.WSH;.MSC;.CPL",
    "processor_architecture": "AMD64",
    "processor_identifier": "Intel64 Family 6 Model 61 Stepping 4, GenuineIntel",
    "processor_level": "6",
    "processor_revision": "3d04",
    "programdata": "C:\\ProgramData",
    "programfiles": "C:\\Program Files",
    "programfiles(x86)": "C:\\Program Files (x86)",
    "programw6432": "C:\\Program Files",
    "PROMPT": "$P$G",
    "psmodulepath": "C:\\Users\\gusta\\Documents\\WindowsPowerShell\\Modules;C:\\Program Files\\WindowsPowerShell\\Modules;C:\\WINDOWS\\system32\\WindowsPowerShell\\v1.0\\Modules",
    "public": "C:\\Users\\Public",
    "pycharm community edition": "C:\\Program Files\\JetBrains\\PyCharm Community Edition 2018.3.5\\bin;",
    "sessionname": "Console",
    "systemdrive": "C:",
    "systemroot": "C:\\WINDOWS",
    "temp": "C:\\Users\\gusta\\AppData\\Local\\Temp",
    "term_program": "vscode",
    "term_program_version": "1.41.1",
    "tmp": "C:\\Users\\gusta\\AppData\\Local\\Temp",
    "userdomain": "GUSTAVO",
    "userdomain_roamingprofile": "GUSTAVO",
    "username": "gusta",
    "userprofile": "C:\\Users\\gusta",
    "WEBPACK_DEV_SERVER": "true",
    "windir": "C:\\WINDOWS",
    "_prog": "node"
  },
  "sharedObjects": [
    "C:\\Program Files\\nodejs\\node.exe",
    "C:\\WINDOWS\\SYSTEM32\\ntdll.dll",
    "C:\\WINDOWS\\System32\\KERNEL32.DLL",
    "C:\\WINDOWS\\System32\\KERNELBASE.dll",
    "C:\\WINDOWS\\System32\\WS2_32.dll",
    "C:\\WINDOWS\\System32\\RPCRT4.dll",
    "C:\\WINDOWS\\SYSTEM32\\dbghelp.dll",
    "C:\\WINDOWS\\System32\\ucrtbase.dll",
    "C:\\WINDOWS\\System32\\ADVAPI32.dll",
    "C:\\WINDOWS\\System32\\msvcrt.dll",
    "C:\\WINDOWS\\System32\\sechost.dll",
    "C:\\WINDOWS\\System32\\USER32.dll",
    "C:\\WINDOWS\\System32\\win32u.dll",
    "C:\\WINDOWS\\System32\\GDI32.dll",
    "C:\\WINDOWS\\System32\\gdi32full.dll",
    "C:\\WINDOWS\\System32\\msvcp_win.dll",
    "C:\\WINDOWS\\System32\\PSAPI.DLL",
    "C:\\WINDOWS\\System32\\CRYPT32.dll",
    "C:\\WINDOWS\\System32\\MSASN1.dll",
    "C:\\WINDOWS\\System32\\bcrypt.dll",
    "C:\\WINDOWS\\SYSTEM32\\IPHLPAPI.DLL",
    "C:\\WINDOWS\\SYSTEM32\\USERENV.dll",
    "C:\\WINDOWS\\System32\\profapi.dll",
    "C:\\WINDOWS\\SYSTEM32\\WINMM.dll",
    "C:\\WINDOWS\\SYSTEM32\\WINMMBASE.dll",
    "C:\\WINDOWS\\System32\\cfgmgr32.dll",
    "C:\\WINDOWS\\System32\\bcryptPrimitives.dll",
    "C:\\WINDOWS\\System32\\IMM32.DLL",
    "C:\\WINDOWS\\System32\\powrprof.dll",
    "C:\\WINDOWS\\System32\\UMPDC.dll",
    "C:\\WINDOWS\\SYSTEM32\\CRYPTBASE.DLL",
    "C:\\WINDOWS\\system32\\uxtheme.dll",
    "C:\\WINDOWS\\System32\\combase.dll",
    "C:\\WINDOWS\\system32\\mswsock.dll",
    "C:\\WINDOWS\\System32\\kernel.appcore.dll",
    "C:\\WINDOWS\\System32\\NSI.dll",
    "C:\\WINDOWS\\SYSTEM32\\dhcpcsvc6.DLL",
    "C:\\WINDOWS\\SYSTEM32\\dhcpcsvc.DLL",
    "C:\\WINDOWS\\SYSTEM32\\DNSAPI.dll",
    "C:\\Windows\\System32\\rasadhlp.dll",
    "C:\\WINDOWS\\System32\\fwpuclnt.dll",
    "C:\\WINDOWS\\system32\\napinsp.dll",
    "C:\\WINDOWS\\system32\\pnrpnsp.dll",
    "C:\\WINDOWS\\System32\\winrnr.dll",
    "C:\\WINDOWS\\system32\\NLAapi.dll",
    "C:\\WINDOWS\\system32\\wshbth.dll"
  ]
}